"id";"brand";"model"
1;"ACURA";"INTEGRA"
2;"ACURA";"LEGEND"
3;"ACURA";"MDX"
4;"ACURA";"NSX"
5;"ACURA";"RDX"
6;"ACURA";"TL"
7;"ACURA";"TLX"
8;"ALEKO";"2141"
9;"ALFA ROMEO";"145"
10;"ALFA ROMEO";"146"
11;"ALFA ROMEO";"147"
12;"ALFA ROMEO";"155"
13;"ALFA ROMEO";"156"
14;"ALFA ROMEO";"159"
15;"ALFA ROMEO";"164"
16;"ALFA ROMEO";"166"
17;"ALFA ROMEO";"33"
18;"ALFA ROMEO";"6"
19;"ALFA ROMEO";"75"
20;"ALFA ROMEO";"BERLINA"
21;"ALFA ROMEO";"BRERA"
22;"ALFA ROMEO";"GIULIETTA"
23;"ALFA ROMEO";"GT"
24;"ALFA ROMEO";"GTV"
25;"ALFA ROMEO";"MITO"
26;"ALFA ROMEO";"SPIDER"
27;"ALFA ROMEO";"SPRINT"
28;"AMERICAN MOTORS";"CHEROKEE"
29;"AMERICAN MOTORS";"CJ8"
30;"ARO";"DACIA"
31;"ASIA MOTORS";"RETONA"
32;"ASIA MOTORS";"ROCSTA"
33;"ASIA MOTORS";"TOPIC"
34;"ASIA MOTORS";"TOWNER"
35;"ASTON MARTIN";"DB11"
36;"ASTON MARTIN";"DB9"
37;"ASTON MARTIN";"DBS"
38;"ASTON MARTIN";"RAPIDE"
39;"ASTON MARTIN";"VANQUISH"
40;"ASTON MARTIN";"VANTAGE"
41;"ASTON MARTIN";"VIRAGE"
42;"AUDI";"100"
43;"AUDI";"4000"
44;"AUDI";"5000"
45;"AUDI";"80"
46;"AUDI";"90"
47;"AUDI";"A1"
48;"AUDI";"A3"
49;"AUDI";"A4"
50;"AUDI";"A5"
51;"AUDI";"A6"
52;"AUDI";"A7"
53;"AUDI";"A8"
54;"AUDI";"ALL ROAD"
55;"AUDI";"AVANT"
56;"AUDI";"Q2"
57;"AUDI";"Q3"
58;"AUDI";"Q5"
59;"AUDI";"Q7"
60;"AUDI";"R8"
61;"AUDI";"RS Q3"
62;"AUDI";"RS2"
63;"AUDI";"RS3"
64;"AUDI";"RS4"
65;"AUDI";"RS5"
66;"AUDI";"RS6"
67;"AUDI";"RS7"
68;"AUDI";"S1"
69;"AUDI";"S2"
70;"AUDI";"S3"
71;"AUDI";"S4"
72;"AUDI";"S5"
73;"AUDI";"S6"
74;"AUDI";"S7"
75;"AUDI";"S8"
76;"AUDI";"SQ5"
77;"AUDI";"TT"
78;"AUSTIN MINI";"CLUBMAN"
79;"AUSTIN MINI";"COOPER"
80;"AUSTIN MINI";"COUNTRYMAN"
81;"AUSTIN MINI";"MINI"
82;"AUSTIN MINI";"PACEMAN"
83;"AUSTIN MINI";"ROADSTER"
84;"AUTORRAD";"CENTURY"
85;"AUTORRAD";"OUTSIDER"
86;"AUTORRAD";"RUDA"
87;"BACKDRAFT";"ROADSTER"
88;"BAIC";"206"
89;"BAIC";"PLUS"
90;"BAIC";"UP"
91;"BAIC";"X25"
92;"BAIC";"X35"
93;"BAIC";"X55"
94;"BAIC";"ZOOM"
95;"BAW";"ZHANQI"
96;"BENTLEY";"BENTAYGA"
97;"BENTLEY";"CONTINENTAL"
98;"BENTLEY";"MULSANNE"
99;"BERTONE";"FREE CLIMBER"
100;"BMW";"114"
101;"BMW";"116"
102;"BMW";"118"
103;"BMW";"120"
104;"BMW";"125"
105;"BMW";"128"
106;"BMW";"130"
107;"BMW";"135"
108;"BMW";"140"
109;"BMW";"218"
110;"BMW";"220"
111;"BMW";"235"
112;"BMW";"240"
113;"BMW";"315"
114;"BMW";"316"
115;"BMW";"318"
116;"BMW";"320"
117;"BMW";"323"
118;"BMW";"324"
119;"BMW";"325"
120;"BMW";"328"
121;"BMW";"330"
122;"BMW";"335"
123;"BMW";"340"
124;"BMW";"390"
125;"BMW";"420"
126;"BMW";"428"
127;"BMW";"430"
128;"BMW";"435"
129;"BMW";"440"
130;"BMW";"518"
131;"BMW";"520"
132;"BMW";"523"
133;"BMW";"524"
134;"BMW";"525"
135;"BMW";"528"
136;"BMW";"530"
137;"BMW";"533"
138;"BMW";"535"
139;"BMW";"540"
140;"BMW";"545"
141;"BMW";"550"
142;"BMW";"628"
143;"BMW";"630"
144;"BMW";"635"
145;"BMW";"640"
146;"BMW";"645"
147;"BMW";"650"
148;"BMW";"728"
149;"BMW";"730"
150;"BMW";"732"
151;"BMW";"733"
152;"BMW";"735"
153;"BMW";"740"
154;"BMW";"745"
155;"BMW";"750"
156;"BMW";"760"
157;"BMW";"850"
158;"BMW";"CABRIOLET"
159;"BMW";"COOPER"
160;"BMW";"I3"
161;"BMW";"I8"
162;"BMW";"M1"
163;"BMW";"M2"
164;"BMW";"M3"
165;"BMW";"M4"
166;"BMW";"M5"
167;"BMW";"M6"
168;"BMW";"X1"
169;"BMW";"X2"
170;"BMW";"X3"
171;"BMW";"X4"
172;"BMW";"X5"
173;"BMW";"X6"
174;"BMW";"Z3"
175;"BMW";"Z4"
176;"BORGWARD";"BX5"
177;"BORGWARD";"BX7"
178;"BRILLIANCE";"DELUXE"
179;"BRILLIANCE";"EUPHORIA"
180;"BRILLIANCE";"FRV"
181;"BRILLIANCE";"FSV"
182;"BRILLIANCE";"H220"
183;"BRILLIANCE";"H230"
184;"BRILLIANCE";"H2L"
185;"BRILLIANCE";"H530"
186;"BRILLIANCE";"SPLENDOR"
187;"BRILLIANCE";"V3"
188;"BRILLIANCE";"V5"
189;"BUICK";"CENTURY"
190;"BUICK";"CUSTOM"
191;"BUICK";"ELECTRA"
192;"BUICK";"LE SABRE"
193;"BUICK";"PARK AVENUE"
194;"BUICK";"REGAL"
195;"BUICK";"RENDEZVOUS"
196;"BUICK";"ROADMASTER"
197;"BUICK";"SKYLARK"
198;"BYD";"F0"
199;"BYD";"F3"
200;"BYD";"F5"
201;"BYD";"G3"
202;"BYD";"S1"
203;"BYD";"S6"
204;"CADILLAC";"CTS"
205;"CADILLAC";"DEVILLE"
206;"CADILLAC";"ELDORADO"
207;"CADILLAC";"ESCALADE"
208;"CADILLAC";"FLEETWOOD"
209;"CADILLAC";"SEVILLE"
210;"CADILLAC";"SRX"
211;"CADILLAC";"XTS"
212;"CARIBE";"442"
213;"CHANGAN";"A500"
214;"CHANGAN";"ALSVIN"
215;"CHANGAN";"BENNI"
216;"CHANGAN";"CM10"
217;"CHANGAN";"CM5"
218;"CHANGAN";"CS 1"
219;"CHANGAN";"CS 15"
220;"CHANGAN";"CS 35"
221;"CHANGAN";"CS75"
222;"CHANGAN";"CV1"
223;"CHANGAN";"CV2"
224;"CHANGAN";"CX70"
225;"CHANGAN";"EADO"
226;"CHANGAN";"M 201"
227;"CHANGAN";"MD 201"
228;"CHANGAN";"MS 201"
229;"CHANGAN";"S100"
230;"CHANGAN";"S200"
231;"CHANGAN";"S300"
232;"CHERY";"A5"
233;"CHERY";"ARRIZO 3"
234;"CHERY";"ARRIZO 5"
235;"CHERY";"ARRIZO 7"
236;"CHERY";"BEAT"
237;"CHERY";"DESTINY"
238;"CHERY";"FACE"
239;"CHERY";"FULWIN"
240;"CHERY";"GRAND TIGGO"
241;"CHERY";"IQ"
242;"CHERY";"S21"
243;"CHERY";"SKIN"
244;"CHERY";"TIGGO"
245;"CHERY";"TIGGO 2"
246;"CHERY";"TIGGO 3"
247;"CHERY";"TIGGO 4"
248;"CHERY";"TIGGO 7"
249;"CHEVROLET";"ASKA"
250;"CHEVROLET";"ASTRA"
251;"CHEVROLET";"ASTRO"
252;"CHEVROLET";"AVALANCHE"
253;"CHEVROLET";"AVEO"
254;"CHEVROLET";"B10"
255;"CHEVROLET";"B20"
256;"CHEVROLET";"BEAUVILLE"
257;"CHEVROLET";"BERETTA"
258;"CHEVROLET";"BLAZER"
259;"CHEVROLET";"C 10"
260;"CHEVROLET";"C20"
261;"CHEVROLET";"C30"
262;"CHEVROLET";"C40"
263;"CHEVROLET";"CAMARO"
264;"CHEVROLET";"CAPRICE"
265;"CHEVROLET";"CAPTIVA"
266;"CHEVROLET";"CARAVAN"
267;"CHEVROLET";"CAVALIER"
268;"CHEVROLET";"CELEBRITY"
269;"CHEVROLET";"CENTURY"
270;"CHEVROLET";"CHEVETTE"
271;"CHEVROLET";"CHEVY"
272;"CHEVROLET";"CHEVY 500"
273;"CHEVROLET";"CHEVY NOVA"
274;"CHEVROLET";"CHEYENNE"
275;"CHEVROLET";"COBALT"
276;"CHEVROLET";"COLORADO"
277;"CHEVROLET";"COMBO"
278;"CHEVROLET";"COMPASS"
279;"CHEVROLET";"CORSA"
280;"CHEVROLET";"CORSA EVOLUTION"
281;"CHEVROLET";"CORSA III"
282;"CHEVROLET";"CORSA PLUS"
283;"CHEVROLET";"CORSICA"
284;"CHEVROLET";"CORVETTE"
285;"CHEVROLET";"CRUZE"
286;"CHEVROLET";"EPICA"
287;"CHEVROLET";"EQUINOX"
288;"CHEVROLET";"EXPRESS"
289;"CHEVROLET";"GEMINI"
290;"CHEVROLET";"IMPALA"
291;"CHEVROLET";"KADETT"
292;"CHEVROLET";"LUMINA"
293;"CHEVROLET";"LUV"
294;"CHEVROLET";"LUV DMAX"
295;"CHEVROLET";"MALIBU"
296;"CHEVROLET";"MARAJO"
297;"CHEVROLET";"METRO"
298;"CHEVROLET";"MONTANA"
299;"CHEVROLET";"MONZA"
300;"CHEVROLET";"N300"
301;"CHEVROLET";"ONIX"
302;"CHEVROLET";"OPALA"
303;"CHEVROLET";"OPTRA"
304;"CHEVROLET";"ORLANDO"
305;"CHEVROLET";"PRISMA"
306;"CHEVROLET";"S10"
307;"CHEVROLET";"S10 APACHE"
308;"CHEVROLET";"SAIL"
309;"CHEVROLET";"SILVERADO"
310;"CHEVROLET";"SONIC"
311;"CHEVROLET";"SPARK"
312;"CHEVROLET";"SPARK GT"
313;"CHEVROLET";"SPECTRUM"
314;"CHEVROLET";"SPIN"
315;"CHEVROLET";"SPRINT"
316;"CHEVROLET";"SUBURBAN"
317;"CHEVROLET";"TAHOE"
318;"CHEVROLET";"TRACKER"
319;"CHEVROLET";"TRAILBLAZER"
320;"CHEVROLET";"TRAVERSE"
321;"CHEVROLET";"TROOPER"
322;"CHEVROLET";"UPLANDER"
323;"CHEVROLET";"URBAN"
324;"CHEVROLET";"VAN G20"
325;"CHEVROLET";"VANETTE"
326;"CHEVROLET";"VECTRA"
327;"CHEVROLET";"VENTURE"
328;"CHEVROLET";"VERANEIRO"
329;"CHEVROLET";"VIVANT"
330;"CHEVROLET";"VOLT"
331;"CHEVROLET";"WORK TRUCK"
332;"CHEVROLET";"XTRAIL"
333;"CHEVROLET";"ZAFIRA"
334;"CHRYSLER";"200"
335;"CHRYSLER";"300 C"
336;"CHRYSLER";"300 M"
337;"CHRYSLER";"ASPEN"
338;"CHRYSLER";"CARAVAN"
339;"CHRYSLER";"CHEROKEE"
340;"CHRYSLER";"CIRRUS"
341;"CHRYSLER";"CONCORDE"
342;"CHRYSLER";"CONQUEST"
343;"CHRYSLER";"COUNTRY"
344;"CHRYSLER";"CROSSFIRE"
345;"CHRYSLER";"DAKOTA"
346;"CHRYSLER";"DAYTONA"
347;"CHRYSLER";"DURANGO"
348;"CHRYSLER";"EAGLE"
349;"CHRYSLER";"FIFTH AVENUE"
350;"CHRYSLER";"GRAN CARAVAN"
351;"CHRYSLER";"GRAND CHEROKEE"
352;"CHRYSLER";"INTREPID"
353;"CHRYSLER";"LASER"
354;"CHRYSLER";"LE BARON"
355;"CHRYSLER";"LHS"
356;"CHRYSLER";"M300"
357;"CHRYSLER";"NEON"
358;"CHRYSLER";"NEW YORKER"
359;"CHRYSLER";"PACIFICA"
360;"CHRYSLER";"PT CRUISER"
361;"CHRYSLER";"RAM"
362;"CHRYSLER";"SEBRING"
363;"CHRYSLER";"STRATUS"
364;"CHRYSLER";"SUNDANCE"
365;"CHRYSLER";"TOWN COUNTRY"
366;"CHRYSLER";"VISION"
367;"CHRYSLER";"VOYAGER"
368;"CHRYSLER";"WRANGLER"
369;"CITROEN";"2CV 6"
370;"CITROEN";"ACADYANE"
371;"CITROEN";"AURA"
372;"CITROEN";"AX"
373;"CITROEN";"BERLINGO"
374;"CITROEN";"BX"
375;"CITROEN";"C ELYSEE"
376;"CITROEN";"C1"
377;"CITROEN";"C15"
378;"CITROEN";"C2"
379;"CITROEN";"C25"
380;"CITROEN";"C3"
381;"CITROEN";"C3 AIRCROSS"
382;"CITROEN";"C3 PICASSO"
383;"CITROEN";"C4"
384;"CITROEN";"C4 CACTUS"
385;"CITROEN";"C4 PICASSO"
386;"CITROEN";"C5"
387;"CITROEN";"C6"
388;"CITROEN";"CX"
389;"CITROEN";"DS3"
390;"CITROEN";"DS4"
391;"CITROEN";"DS5"
392;"CITROEN";"GSA"
393;"CITROEN";"JUMPER"
394;"CITROEN";"JUMPY"
395;"CITROEN";"MULTISPACE"
396;"CITROEN";"NEMO"
397;"CITROEN";"SAXO"
398;"CITROEN";"SPACETOURER"
399;"CITROEN";"VISA"
400;"CITROEN";"XANTIA"
401;"CITROEN";"XM"
402;"CITROEN";"XSARA"
403;"CITROEN";"XSARA PICASO"
404;"CITROEN";"ZX"
405;"CMC";"Z7"
406;"DACIA";"1304"
407;"DACIA";"1310"
408;"DACIA";"1320"
409;"DACIA";"1410"
410;"DACIA";"BERLINA"
411;"DACIA";"ESTATE"
412;"DAEWOO";"DAMAS"
413;"DAEWOO";"ESPERO"
414;"DAEWOO";"HEAVEN"
415;"DAEWOO";"KORANDO"
416;"DAEWOO";"LABO"
417;"DAEWOO";"LANOS"
418;"DAEWOO";"LEGANZA"
419;"DAEWOO";"LEMANS"
420;"DAEWOO";"MATIZ"
421;"DAEWOO";"MUSSO"
422;"DAEWOO";"NEXIA"
423;"DAEWOO";"NUBIRA"
424;"DAEWOO";"POINTER"
425;"DAEWOO";"PRINCE"
426;"DAEWOO";"RACER"
427;"DAEWOO";"REZZO"
428;"DAEWOO";"TICO"
429;"DAIHATSU";"APPLAUSE"
430;"DAIHATSU";"CHARADE"
431;"DAIHATSU";"CHARADE G20"
432;"DAIHATSU";"CHARADE G21"
433;"DAIHATSU";"COPEN"
434;"DAIHATSU";"CUORE"
435;"DAIHATSU";"EXTOL"
436;"DAIHATSU";"FEROZA"
437;"DAIHATSU";"GIRO"
438;"DAIHATSU";"GRAND MOVE"
439;"DAIHATSU";"HIJET"
440;"DAIHATSU";"MIRA"
441;"DAIHATSU";"PYZAR"
442;"DAIHATSU";"ROCKY"
443;"DAIHATSU";"SIRION"
444;"DAIHATSU";"STORIA"
445;"DAIHATSU";"TERIOS"
446;"DAIHATSU";"WIDE"
447;"DAIHATSU";"YRV"
448;"DATSUN";"150 Y"
449;"DATSUN";"BLUEBIRD"
450;"DATSUN";"LAUREL"
451;"DATSUN";"PICK UP"
452;"DATSUN";"PULSAR"
453;"DATSUN";"SENTRA"
454;"DATSUN";"STANZA"
455;"DATSUN";"SUNNY"
456;"DATSUN";"VANETTE"
457;"DFM";"A30"
458;"DFM";"AX3"
459;"DFM";"AX4"
460;"DFM";"AX5"
461;"DFM";"AX7"
462;"DFM";"CARGO BOX"
463;"DFM";"CARGO VAN"
464;"DFM";"DF 2500"
465;"DFM";"DF 2900"
466;"DFM";"H30"
467;"DFM";"JOYEAR"
468;"DFM";"JOYEAR S50"
469;"DFM";"JOYEAR X3"
470;"DFM";"M5"
471;"DFM";"MINI STAR"
472;"DFM";"MINI TRUCK"
473;"DFM";"MINI VAN"
474;"DFM";"REFRI TRUCK"
475;"DFM";"RICH"
476;"DFM";"S30"
477;"DFM";"SUCCE"
478;"DFM";"SX5"
479;"DFM";"SX6"
480;"DFSK";"CARGO BOX"
481;"DFSK";"CARGO VAN"
482;"DFSK";"REFRI TRUCK"
483;"DFSK";"RICH"
484;"DFSK";"SUCCE"
485;"DFSK";"SUV 580"
486;"DFSK";"TRAVEL"
487;"DFSK";"TRUCK"
488;"DFSK";"TRUCK DC"
489;"DFSK";"VAN"
490;"DODGE";"ARIES"
491;"DODGE";"AVENGER"
492;"DODGE";"CALIBER"
493;"DODGE";"CARAVAN"
494;"DODGE";"CHALLENGER"
495;"DODGE";"CHARGER"
496;"DODGE";"CHEROKEE"
497;"DODGE";"COLT"
498;"DODGE";"COUNTRY"
499;"DODGE";"DAKOTA"
500;"DODGE";"DART"
501;"DODGE";"DAYTONA"
502;"DODGE";"DINASTY"
503;"DODGE";"DURANGO"
504;"DODGE";"GRAND CARAVAN"
505;"DODGE";"JOURNEY"
506;"DODGE";"MAGNUM"
507;"DODGE";"NEON"
508;"DODGE";"NITRO"
509;"DODGE";"RAIDER"
510;"DODGE";"RAM"
511;"DODGE";"RAM 2500"
512;"DODGE";"RAM 3500"
513;"DODGE";"SHADOW"
514;"DODGE";"SPIRIT"
515;"DODGE";"SPRINTER"
516;"DODGE";"STEALTH"
517;"DODGE";"STRATUS"
518;"DS";"DS3"
519;"DS";"DS4"
520;"DS";"DS5"
521;"DS";"DS7"
522;"EAGLE";"SUMMIT"
523;"EAGLE";"TALON"
524;"EAGLE";"VISTA"
525;"FAW";"B50"
526;"FAW";"B70"
527;"FAW";"BESTURN X80"
528;"FAW";"D60"
529;"FAW";"N5"
530;"FAW";"OLEY"
531;"FAW";"R7"
532;"FAW";"T80"
533;"FAW";"V2"
534;"FAW";"V5"
535;"FAW";"V80"
536;"FERRARI";"328"
537;"FERRARI";"355"
538;"FERRARI";"430"
539;"FERRARI";"458"
540;"FERRARI";"488"
541;"FERRARI";"812"
542;"FERRARI";"CALIFORNIA"
543;"FERRARI";"F12"
544;"FERRARI";"FF"
545;"FERRARI";"GTC4 LUSSO"
546;"FIAT";"126"
547;"FIAT";"147"
548;"FIAT";"500"
549;"FIAT";"500L"
550;"FIAT";"500X"
551;"FIAT";"600"
552;"FIAT";"ARGENTA"
553;"FIAT";"ARGO"
554;"FIAT";"BARCHETTA"
555;"FIAT";"BERTONE"
556;"FIAT";"BRAVA"
557;"FIAT";"BRAVO"
558;"FIAT";"CINQUECENTO"
559;"FIAT";"CRONOS"
560;"FIAT";"DOBLO"
561;"FIAT";"DUCATO"
562;"FIAT";"DUNA"
563;"FIAT";"FIORINO"
564;"FIAT";"FULLBACK"
565;"FIAT";"GRANDE PUNTO"
566;"FIAT";"IDEA"
567;"FIAT";"LIBERTY"
568;"FIAT";"LINEA"
569;"FIAT";"MAREA"
570;"FIAT";"MULTIJET"
571;"FIAT";"OGGI"
572;"FIAT";"PALIO"
573;"FIAT";"PANDA"
574;"FIAT";"PANORAMA"
575;"FIAT";"PREMIO"
576;"FIAT";"PUNTO"
577;"FIAT";"QUBO"
578;"FIAT";"REGATA"
579;"FIAT";"RITMO"
580;"FIAT";"SIENA"
581;"FIAT";"SMART"
582;"FIAT";"STILO"
583;"FIAT";"STRADA"
584;"FIAT";"TEMPRA"
585;"FIAT";"TIPO"
586;"FIAT";"UNO"
587;"FIAT";"WEEKEND TREKKING"
588;"FORD";"AEROSTAR"
589;"FORD";"ASPIRE"
590;"FORD";"ATLANTA"
591;"FORD";"BERLINA"
592;"FORD";"BRONCO"
593;"FORD";"CAPRI"
594;"FORD";"CLUB WAGON"
595;"FORD";"CONTOUR"
596;"FORD";"CORCEL"
597;"FORD";"COUNTRY"
598;"FORD";"COURIER"
599;"FORD";"CROWN VICTORIA"
600;"FORD";"DEL REY"
601;"FORD";"E 150"
602;"FORD";"E 350"
603;"FORD";"ECONOLINE"
604;"FORD";"ECOSPORT"
605;"FORD";"ECOVAN"
606;"FORD";"EDGE"
607;"FORD";"ESCAPE"
608;"FORD";"ESCORT"
609;"FORD";"EXPEDITION"
610;"FORD";"EXPLORER"
611;"FORD";"F 1000"
612;"FORD";"F 150"
613;"FORD";"F100"
614;"FORD";"F250"
615;"FORD";"F350"
616;"FORD";"FESTIVA"
617;"FORD";"FIESTA"
618;"FORD";"FLARESIDE"
619;"FORD";"FOCUS"
620;"FORD";"FUSION"
621;"FORD";"GRANADA"
622;"FORD";"KA"
623;"FORD";"KUGA"
624;"FORD";"LASER"
625;"FORD";"LINCOLN"
626;"FORD";"LTD"
627;"FORD";"MERCURY"
628;"FORD";"MONDEO"
629;"FORD";"MUSTANG"
630;"FORD";"ORION"
631;"FORD";"PAMPA"
632;"FORD";"PICK UP"
633;"FORD";"PROBE"
634;"FORD";"RANGER"
635;"FORD";"ROYALE"
636;"FORD";"SCORPIO"
637;"FORD";"SIERRA"
638;"FORD";"SPECTRON"
639;"FORD";"TAURUS"
640;"FORD";"TELSTAR"
641;"FORD";"TEMPO"
642;"FORD";"THUNDERBIRD"
643;"FORD";"TRANSIT"
644;"FORD";"WINDSTAR"
645;"FOTON";"FT 500"
646;"FOTON";"FURGON VIEW"
647;"FOTON";"GRATOUR"
648;"FOTON";"K1"
649;"FOTON";"MIDI"
650;"FOTON";"MIDI CARGO"
651;"FOTON";"SAUVANA"
652;"FOTON";"SUP"
653;"FOTON";"TERRACOTA"
654;"GAC GONOW";"WAY"
655;"GAC GONOW";"WAY CARGO"
656;"GAC MOTORS";"GA5"
657;"GAC MOTORS";"GS5"
658;"GAZ";"VOLGA"
659;"GEELY";"CK"
660;"GEELY";"EC"
661;"GEELY";"EMGRAND"
662;"GEELY";"EMGRAND 7"
663;"GEELY";"EMGRAND EX7"
664;"GEELY";"GC7"
665;"GEELY";"GS"
666;"GEELY";"LC"
667;"GEELY";"MK"
668;"GEELY";"SL"
669;"GEELY";"X7"
670;"GEO";"METRO"
671;"GEO";"PRIZM"
672;"GEO";"STORM"
673;"GEO";"TRACKER"
674;"GMC";"ENVOY"
675;"GMC";"JIMMY"
676;"GMC";"SAFARI"
677;"GMC";"SAVANA"
678;"GMC";"SIERRA"
679;"GMC";"SONOMA"
680;"GMC";"VANDURA"
681;"GMC";"YUKON"
682;"GREAT WALL";"3"
683;"GREAT WALL";"DEER"
684;"GREAT WALL";"FLORID"
685;"GREAT WALL";"H6"
686;"GREAT WALL";"HAVAL 3"
687;"GREAT WALL";"HAVAL 5"
688;"GREAT WALL";"HAVAL H3"
689;"GREAT WALL";"HAVAL H5"
690;"GREAT WALL";"HOVER"
691;"GREAT WALL";"M4"
692;"GREAT WALL";"PERI"
693;"GREAT WALL";"SAFE"
694;"GREAT WALL";"SOCOOL"
695;"GREAT WALL";"VOLEEX"
696;"GREAT WALL";"VOLEEX C10"
697;"GREAT WALL";"VOLEEX C20"
698;"GREAT WALL";"VOLEEX C30"
699;"GREAT WALL";"VOLEEX C50"
700;"GREAT WALL";"WINGLE"
701;"GREAT WALL";"WINGLE 5"
702;"GREAT WALL";"WINGLE 6"
703;"HAFEI";"LOBO"
704;"HAFEI";"MINYI"
705;"HAFEI";"RICH"
706;"HAFEI";"RUIYI"
707;"HAFEI";"ZHONGYI"
708;"HAIMA";"2"
709;"HAIMA";"3"
710;"HAIMA";"7"
711;"HAIMA";"FSTAR"
712;"HAVAL";"H2"
713;"HAVAL";"H6"
714;"HAVAL";"H7"
715;"HONDA";"ACCORD"
716;"HONDA";"ASCOT"
717;"HONDA";"CITY"
718;"HONDA";"CIVIC"
719;"HONDA";"CONCERTO"
720;"HONDA";"CRV"
721;"HONDA";"CRX"
722;"HONDA";"DOMANI"
723;"HONDA";"FIT"
724;"HONDA";"HRV"
725;"HONDA";"INTEGRA"
726;"HONDA";"LEGEND"
727;"HONDA";"LOGO"
728;"HONDA";"ODYSSEY"
729;"HONDA";"PASSPORT"
730;"HONDA";"PILOT"
731;"HONDA";"PRELUDE"
732;"HONDA";"RIDGELINE"
733;"HONDA";"S2000"
734;"HONDA";"SHUTTLE"
735;"HONDA";"STREAM"
736;"HONDA";"TORNEO"
737;"HONDA";"VIGOR"
738;"HONDA";"WRV"
739;"HUANGHAI";"PLUTUS"
740;"HUANGHAI";"STEED"
741;"HUMMER";"H2"
742;"HUMMER";"H3"
743;"HYUNDAI";"ACCENT"
744;"HYUNDAI";"ACCENT PRIME"
745;"HYUNDAI";"ATOS"
746;"HYUNDAI";"AZERA"
747;"HYUNDAI";"CANTER"
748;"HYUNDAI";"CENTENNIAL"
749;"HYUNDAI";"COUPE"
750;"HYUNDAI";"CRETA"
751;"HYUNDAI";"DELICA"
752;"HYUNDAI";"DYNASTY"
753;"HYUNDAI";"ELANTRA"
754;"HYUNDAI";"EON"
755;"HYUNDAI";"EQUUS"
756;"HYUNDAI";"EXCEL"
757;"HYUNDAI";"GALLOPER"
758;"HYUNDAI";"GENESIS"
759;"HYUNDAI";"GETZ"
760;"HYUNDAI";"GRAND I10"
761;"HYUNDAI";"GRAND SANTA FE"
762;"HYUNDAI";"H 350"
763;"HYUNDAI";"H1"
764;"HYUNDAI";"H100 GRACE"
765;"HYUNDAI";"I 10"
766;"HYUNDAI";"I 20"
767;"HYUNDAI";"I 20 ACTIVE"
768;"HYUNDAI";"I 30"
769;"HYUNDAI";"I40"
770;"HYUNDAI";"IONIQ"
771;"HYUNDAI";"LIBERO"
772;"HYUNDAI";"MATRIX"
773;"HYUNDAI";"NEW ACCENT"
774;"HYUNDAI";"PONY"
775;"HYUNDAI";"PORTER H100"
776;"HYUNDAI";"PRECIS"
777;"HYUNDAI";"SANTA FE"
778;"HYUNDAI";"SANTAMO"
779;"HYUNDAI";"SCOUPE"
780;"HYUNDAI";"SONATA"
781;"HYUNDAI";"STAREX"
782;"HYUNDAI";"STELLAR"
783;"HYUNDAI";"TERRACAN"
784;"HYUNDAI";"TIBURON"
785;"HYUNDAI";"TRAJET"
786;"HYUNDAI";"TUCSON"
787;"HYUNDAI";"VELOSTER"
788;"HYUNDAI";"VERACRUZ"
789;"HYUNDAI";"XG"
790;"INFINITI";"EX37"
791;"INFINITI";"FX"
792;"INFINITI";"G25"
793;"INFINITI";"G37"
794;"INFINITI";"M37"
795;"INFINITI";"Q50"
796;"INFINITI";"Q60"
797;"INFINITI";"Q70"
798;"INFINITI";"QX30"
799;"INFINITI";"QX50"
800;"INFINITI";"QX60"
801;"INFINITI";"QX70"
802;"INFINITI";"QX80"
803;"ISUZU";"AMIGO"
804;"ISUZU";"ASKA"
805;"ISUZU";"AXIOM"
806;"ISUZU";"BIGHORN"
807;"ISUZU";"ELF"
808;"ISUZU";"FARGO"
809;"ISUZU";"GEMINI"
810;"ISUZU";"IMPULSE"
811;"ISUZU";"MARK"
812;"ISUZU";"MU"
813;"ISUZU";"PICK UP"
814;"ISUZU";"RODEO"
815;"ISUZU";"SPACE CAB"
816;"ISUZU";"STYLUS"
817;"ISUZU";"TROOPER"
818;"ISUZU";"WFR"
819;"IVECO";"CITY"
820;"IVECO";"DAILY"
821;"JAC";"137"
822;"JAC";"B CLASS"
823;"JAC";"B15"
824;"JAC";"GRAND S3"
825;"JAC";"J2"
826;"JAC";"J3"
827;"JAC";"J4"
828;"JAC";"J6"
829;"JAC";"REFINE"
830;"JAC";"REIN"
831;"JAC";"S1"
832;"JAC";"S2"
833;"JAC";"S3"
834;"JAC";"S5"
835;"JAC";"SUNRAY"
836;"JAC";"T6"
837;"JAC";"TRIP"
838;"JAC";"X200"
839;"JAGUAR";"DAIMLER"
840;"JAGUAR";"E PACE"
841;"JAGUAR";"F PACE"
842;"JAGUAR";"F TYPE"
843;"JAGUAR";"S TYPE"
844;"JAGUAR";"SOVEREIGN"
845;"JAGUAR";"VANDEC"
846;"JAGUAR";"X TYPE"
847;"JAGUAR";"XE"
848;"JAGUAR";"XF"
849;"JAGUAR";"XJ"
850;"JAGUAR";"XJ 6"
851;"JAGUAR";"XK"
852;"JEEP";"CHEROKEE"
853;"JEEP";"CJ7"
854;"JEEP";"COMANCHE"
855;"JEEP";"COMANDER"
856;"JEEP";"COMPASS"
857;"JEEP";"GRAND CHEROKEE"
858;"JEEP";"LIBERTY"
859;"JEEP";"PATRIOT"
860;"JEEP";"RENEGADE"
861;"JEEP";"WAGONIER"
862;"JEEP";"WRANGLER"
863;"JINBEI";"HAISE"
864;"JINBEI";"LOW ROOF"
865;"JINCHENG";"GDQ65"
866;"JMC";"BOARDING"
867;"JMC";"CARRYING"
868;"JOYLONG";"HKL6540"
869;"KENBO";"206 C"
870;"KENBO";"T 205"
871;"KIA MOTORS";"AVELLA"
872;"KIA MOTORS";"BESTA"
873;"KIA MOTORS";"CADENZA"
874;"KIA MOTORS";"CAPITAL"
875;"KIA MOTORS";"CARENS"
876;"KIA MOTORS";"CARNIVAL"
877;"KIA MOTORS";"CERATO"
878;"KIA MOTORS";"CERATO 5"
879;"KIA MOTORS";"CERATO KOUP"
880;"KIA MOTORS";"CERES"
881;"KIA MOTORS";"CLARUS"
882;"KIA MOTORS";"CREDOS"
883;"KIA MOTORS";"FRONTIER"
884;"KIA MOTORS";"GRAND CARNIVAL"
885;"KIA MOTORS";"JOICE"
886;"KIA MOTORS";"K 2700"
887;"KIA MOTORS";"K 3500"
888;"KIA MOTORS";"K2400"
889;"KIA MOTORS";"MAGENTIS"
890;"KIA MOTORS";"MOHAVE"
891;"KIA MOTORS";"MORNING"
892;"KIA MOTORS";"NIRO"
893;"KIA MOTORS";"OPIRUS"
894;"KIA MOTORS";"OPTIMA"
895;"KIA MOTORS";"POTENTIA"
896;"KIA MOTORS";"PRIDE POP"
897;"KIA MOTORS";"QUORIS"
898;"KIA MOTORS";"RETONA"
899;"KIA MOTORS";"RIO"
900;"KIA MOTORS";"RIO 3"
901;"KIA MOTORS";"RIO 4"
902;"KIA MOTORS";"RIO 5"
903;"KIA MOTORS";"ROCSTA"
904;"KIA MOTORS";"SEDONA"
905;"KIA MOTORS";"SEPHIA"
906;"KIA MOTORS";"SEPHIA II"
907;"KIA MOTORS";"SORENTO"
908;"KIA MOTORS";"SOUL"
909;"KIA MOTORS";"SPECTRA"
910;"KIA MOTORS";"SPORTAGE"
911;"KIA MOTORS";"SPORTAGE PRO"
912;"KIA MOTORS";"STINGER"
913;"KIA MOTORS";"TOPIC"
914;"KIA MOTORS";"TOWNER"
915;"KIA MOTORS";"WIDE"
916;"KINGSTAR";"PLUTO J6"
917;"LADA";"2101"
918;"LADA";"2104"
919;"LADA";"2105"
920;"LADA";"2106"
921;"LADA";"2107"
922;"LADA";"ALEKO"
923;"LADA";"GRANTA"
924;"LADA";"KALINA"
925;"LADA";"LARGUS"
926;"LADA";"NIVA"
927;"LADA";"SAMARA"
928;"LADA";"TAVRIA"
929;"LAMBORGHINI";"AVENTADOR"
930;"LAMBORGHINI";"COUNTACH"
931;"LAMBORGHINI";"GALLARDO"
932;"LAMBORGHINI";"HURACAN"
933;"LAMBORGHINI";"SPYDER"
934;"LANCIA";"DEDRA"
935;"LANCIA";"DELTA"
936;"LANCIA";"KAPPA"
937;"LANCIA";"PRISMA"
938;"LANCIA";"THEMA"
939;"LANCIA";"Y 10"
940;"LAND ROVER";"DEFENDER"
941;"LAND ROVER";"DISCOVERY"
942;"LAND ROVER";"DISCOVERY SPORT"
943;"LAND ROVER";"EVOQUE"
944;"LAND ROVER";"FREELANDER"
945;"LAND ROVER";"RANGE ROVER"
946;"LANDWIND";"X5"
947;"LEXUS";"CT200"
948;"LEXUS";"ES250"
949;"LEXUS";"ES350"
950;"LEXUS";"GS F"
951;"LEXUS";"GS200"
952;"LEXUS";"GS250"
953;"LEXUS";"GS300"
954;"LEXUS";"GS350"
955;"LEXUS";"GS450"
956;"LEXUS";"GS460"
957;"LEXUS";"GX460"
958;"LEXUS";"IS200"
959;"LEXUS";"IS250"
960;"LEXUS";"IS300"
961;"LEXUS";"IS350"
962;"LEXUS";"ISF"
963;"LEXUS";"LFA"
964;"LEXUS";"LS460"
965;"LEXUS";"LS500"
966;"LEXUS";"LS600"
967;"LEXUS";"LX470"
968;"LEXUS";"LX570"
969;"LEXUS";"LX750"
970;"LEXUS";"NX200"
971;"LEXUS";"NX300H"
972;"LEXUS";"RC350"
973;"LEXUS";"RCF"
974;"LEXUS";"RX300"
975;"LEXUS";"RX350"
976;"LEXUS";"RX450"
977;"LEXUS";"SC430"
978;"LIFAN";"320"
979;"LIFAN";"330"
980;"LIFAN";"350"
981;"LIFAN";"520"
982;"LIFAN";"530"
983;"LIFAN";"620"
984;"LIFAN";"630"
985;"LIFAN";"CARGO"
986;"LIFAN";"TRUCK"
987;"LIFAN";"VAN"
988;"LIFAN";"X50"
989;"LIFAN";"X60"
990;"LIFAN";"X7"
991;"LIFAN";"X70"
992;"LINCOLN";"CONTINENTAL"
993;"LINCOLN";"SIGNATURE"
994;"LINCOLN";"TOWNCAR"
995;"LOTUS";"ELISE"
996;"LOTUS";"EXIGE"
997;"MAHINDRA";"GENIO"
998;"MAHINDRA";"PIK UP"
999;"MAHINDRA";"QUANTO"
1000;"MAHINDRA";"SCORPIO"
1001;"MAHINDRA";"XUV 500"
1002;"MARUTI";"GYPSY"
1003;"MASERATI";"COUPE"
1004;"MASERATI";"GHIBLI"
1005;"MASERATI";"GRANCABRIO"
1006;"MASERATI";"GRAND TOURING"
1007;"MASERATI";"GRANTURISMO"
1008;"MASERATI";"LEVANTE"
1009;"MASERATI";"QUATTROPORTE"
1010;"MASERATI";"SPYDER"
1011;"MAXUS";"G10"
1012;"MAXUS";"T60"
1013;"MAXUS";"V80"
1014;"MAZDA";"121"
1015;"MAZDA";"2"
1016;"MAZDA";"3"
1017;"MAZDA";"323"
1018;"MAZDA";"5"
1019;"MAZDA";"6"
1020;"MAZDA";"626"
1021;"MAZDA";"929"
1022;"MAZDA";"ARTIS"
1023;"MAZDA";"ASTINA"
1024;"MAZDA";"B SERIES"
1025;"MAZDA";"BONGO"
1026;"MAZDA";"BT50"
1027;"MAZDA";"CAPELLA"
1028;"MAZDA";"CX3"
1029;"MAZDA";"CX5"
1030;"MAZDA";"CX7"
1031;"MAZDA";"CX9"
1032;"MAZDA";"DEMIO"
1033;"MAZDA";"E2000"
1034;"MAZDA";"FAMILIA"
1035;"MAZDA";"MPV"
1036;"MAZDA";"MX3"
1037;"MAZDA";"MX5"
1038;"MAZDA";"MX6"
1039;"MAZDA";"NAVAJO"
1040;"MAZDA";"PREMACY"
1041;"MAZDA";"PROTEGE"
1042;"MAZDA";"ROADSTAR"
1043;"MAZDA";"RX7"
1044;"MAZDA";"RX8"
1045;"MAZDA";"TITAN"
1046;"MAZDA";"TRIBUTE"
1047;"MCLAREN";"540C"
1048;"MCLAREN";"570S"
1049;"MCLAREN";"650 SPIDER"
1050;"MCLAREN";"720S"
1051;"MCLAREN";"MP4"
1052;"MCLAREN";"SPIDER"
1053;"MERCEDES BENZ";"190D"
1054;"MERCEDES BENZ";"190E"
1055;"MERCEDES BENZ";"200"
1056;"MERCEDES BENZ";"200 E"
1057;"MERCEDES BENZ";"200D"
1058;"MERCEDES BENZ";"208"
1059;"MERCEDES BENZ";"210"
1060;"MERCEDES BENZ";"220"
1061;"MERCEDES BENZ";"230"
1062;"MERCEDES BENZ";"250"
1063;"MERCEDES BENZ";"260"
1064;"MERCEDES BENZ";"260 E"
1065;"MERCEDES BENZ";"280"
1066;"MERCEDES BENZ";"300"
1067;"MERCEDES BENZ";"300 E"
1068;"MERCEDES BENZ";"320"
1069;"MERCEDES BENZ";"320 E"
1070;"MERCEDES BENZ";"380"
1071;"MERCEDES BENZ";"409"
1072;"MERCEDES BENZ";"420"
1073;"MERCEDES BENZ";"500"
1074;"MERCEDES BENZ";"560"
1075;"MERCEDES BENZ";"A 160"
1076;"MERCEDES BENZ";"A170"
1077;"MERCEDES BENZ";"A180"
1078;"MERCEDES BENZ";"A200"
1079;"MERCEDES BENZ";"A250"
1080;"MERCEDES BENZ";"A45"
1081;"MERCEDES BENZ";"AMG GT"
1082;"MERCEDES BENZ";"B 170"
1083;"MERCEDES BENZ";"B 180"
1084;"MERCEDES BENZ";"B 200"
1085;"MERCEDES BENZ";"B 220"
1086;"MERCEDES BENZ";"C 220"
1087;"MERCEDES BENZ";"C 240"
1088;"MERCEDES BENZ";"C 320"
1089;"MERCEDES BENZ";"C 350"
1090;"MERCEDES BENZ";"C 43"
1091;"MERCEDES BENZ";"C 63"
1092;"MERCEDES BENZ";"C180"
1093;"MERCEDES BENZ";"C200"
1094;"MERCEDES BENZ";"C230"
1095;"MERCEDES BENZ";"C250"
1096;"MERCEDES BENZ";"C280"
1097;"MERCEDES BENZ";"C300"
1098;"MERCEDES BENZ";"C350 E"
1099;"MERCEDES BENZ";"C400"
1100;"MERCEDES BENZ";"C450"
1101;"MERCEDES BENZ";"CITAN"
1102;"MERCEDES BENZ";"CL500"
1103;"MERCEDES BENZ";"CL63"
1104;"MERCEDES BENZ";"CL65"
1105;"MERCEDES BENZ";"CLA180"
1106;"MERCEDES BENZ";"CLA200"
1107;"MERCEDES BENZ";"CLA220"
1108;"MERCEDES BENZ";"CLA250"
1109;"MERCEDES BENZ";"CLA45"
1110;"MERCEDES BENZ";"CLC180"
1111;"MERCEDES BENZ";"CLC200"
1112;"MERCEDES BENZ";"CLK230"
1113;"MERCEDES BENZ";"CLK320"
1114;"MERCEDES BENZ";"CLK350"
1115;"MERCEDES BENZ";"CLK430"
1116;"MERCEDES BENZ";"CLK500"
1117;"MERCEDES BENZ";"CLK63"
1118;"MERCEDES BENZ";"CLS350"
1119;"MERCEDES BENZ";"CLS400"
1120;"MERCEDES BENZ";"CLS500"
1121;"MERCEDES BENZ";"CLS63"
1122;"MERCEDES BENZ";"E 230"
1123;"MERCEDES BENZ";"E 300"
1124;"MERCEDES BENZ";"E 350"
1125;"MERCEDES BENZ";"E 43"
1126;"MERCEDES BENZ";"E 430"
1127;"MERCEDES BENZ";"E 53"
1128;"MERCEDES BENZ";"E200"
1129;"MERCEDES BENZ";"E220"
1130;"MERCEDES BENZ";"E240"
1131;"MERCEDES BENZ";"E250"
1132;"MERCEDES BENZ";"E280"
1133;"MERCEDES BENZ";"E320"
1134;"MERCEDES BENZ";"E400"
1135;"MERCEDES BENZ";"E420"
1136;"MERCEDES BENZ";"E500"
1137;"MERCEDES BENZ";"E550"
1138;"MERCEDES BENZ";"E63"
1139;"MERCEDES BENZ";"G320"
1140;"MERCEDES BENZ";"G350"
1141;"MERCEDES BENZ";"G500"
1142;"MERCEDES BENZ";"G55"
1143;"MERCEDES BENZ";"G63"
1144;"MERCEDES BENZ";"GL 63"
1145;"MERCEDES BENZ";"GL350"
1146;"MERCEDES BENZ";"GL450"
1147;"MERCEDES BENZ";"GL500"
1148;"MERCEDES BENZ";"GLA 250"
1149;"MERCEDES BENZ";"GLA 45"
1150;"MERCEDES BENZ";"GLA200"
1151;"MERCEDES BENZ";"GLA220"
1152;"MERCEDES BENZ";"GLC220"
1153;"MERCEDES BENZ";"GLC250"
1154;"MERCEDES BENZ";"GLC300"
1155;"MERCEDES BENZ";"GLC350"
1156;"MERCEDES BENZ";"GLC350 E"
1157;"MERCEDES BENZ";"GLC43"
1158;"MERCEDES BENZ";"GLC63"
1159;"MERCEDES BENZ";"GLE 43"
1160;"MERCEDES BENZ";"GLE 63"
1161;"MERCEDES BENZ";"GLE250"
1162;"MERCEDES BENZ";"GLE350"
1163;"MERCEDES BENZ";"GLE400"
1164;"MERCEDES BENZ";"GLE450"
1165;"MERCEDES BENZ";"GLE500"
1166;"MERCEDES BENZ";"GLK220"
1167;"MERCEDES BENZ";"GLK280"
1168;"MERCEDES BENZ";"GLK300"
1169;"MERCEDES BENZ";"GLK350"
1170;"MERCEDES BENZ";"GLS 350"
1171;"MERCEDES BENZ";"GLS 500"
1172;"MERCEDES BENZ";"MB100"
1173;"MERCEDES BENZ";"MB140"
1174;"MERCEDES BENZ";"MB180"
1175;"MERCEDES BENZ";"ML250"
1176;"MERCEDES BENZ";"ML270"
1177;"MERCEDES BENZ";"ML300"
1178;"MERCEDES BENZ";"ML320"
1179;"MERCEDES BENZ";"ML350"
1180;"MERCEDES BENZ";"ML400"
1181;"MERCEDES BENZ";"ML430"
1182;"MERCEDES BENZ";"ML500"
1183;"MERCEDES BENZ";"ML63"
1184;"MERCEDES BENZ";"R500"
1185;"MERCEDES BENZ";"S 320"
1186;"MERCEDES BENZ";"S 500"
1187;"MERCEDES BENZ";"S190"
1188;"MERCEDES BENZ";"S350"
1189;"MERCEDES BENZ";"S400"
1190;"MERCEDES BENZ";"S420"
1191;"MERCEDES BENZ";"S430"
1192;"MERCEDES BENZ";"S550"
1193;"MERCEDES BENZ";"S560"
1194;"MERCEDES BENZ";"S600"
1195;"MERCEDES BENZ";"S63"
1196;"MERCEDES BENZ";"S65"
1197;"MERCEDES BENZ";"SL320"
1198;"MERCEDES BENZ";"SL350"
1199;"MERCEDES BENZ";"SL400"
1200;"MERCEDES BENZ";"SL500"
1201;"MERCEDES BENZ";"SL63"
1202;"MERCEDES BENZ";"SLC 200"
1203;"MERCEDES BENZ";"SLC 300"
1204;"MERCEDES BENZ";"SLC 43"
1205;"MERCEDES BENZ";"SLK200"
1206;"MERCEDES BENZ";"SLK230"
1207;"MERCEDES BENZ";"SLK300"
1208;"MERCEDES BENZ";"SLK350"
1209;"MERCEDES BENZ";"SLK55"
1210;"MERCEDES BENZ";"SLS"
1211;"MERCEDES BENZ";"SPRINTER"
1212;"MERCEDES BENZ";"V200"
1213;"MERCEDES BENZ";"V220"
1214;"MERCEDES BENZ";"VIANO"
1215;"MERCEDES BENZ";"VITO"
1216;"MERCEDES BENZ";"X250"
1217;"MERCURY";"COUGAR"
1218;"MERCURY";"GRAND MARQUIS"
1219;"MERCURY";"LYNX"
1220;"MERCURY";"MARQUEZ"
1221;"MERCURY";"MARQUIS"
1222;"MERCURY";"MYSTIQUE"
1223;"MERCURY";"SABLE"
1224;"MERCURY";"TOPAZ"
1225;"MERCURY";"TRACER"
1226;"MG";"3"
1227;"MG";"350"
1228;"MG";"5"
1229;"MG";"550"
1230;"MG";"6"
1231;"MG";"650"
1232;"MG";"750"
1233;"MG";"GS"
1234;"MG";"GT"
1235;"MG";"RX5"
1236;"MG";"ZS"
1237;"MITSUBISHI";"3000GT"
1238;"MITSUBISHI";"ASX"
1239;"MITSUBISHI";"CANTER"
1240;"MITSUBISHI";"CHALLENGER"
1241;"MITSUBISHI";"CHARIOT"
1242;"MITSUBISHI";"COLT"
1243;"MITSUBISHI";"CONQUEST"
1244;"MITSUBISHI";"COUPE"
1245;"MITSUBISHI";"DELICA"
1246;"MITSUBISHI";"DIAMOND"
1247;"MITSUBISHI";"DINGO"
1248;"MITSUBISHI";"DION"
1249;"MITSUBISHI";"ECLIPSE CROSS"
1250;"MITSUBISHI";"ECLYPSE"
1251;"MITSUBISHI";"ENDEAVOR"
1252;"MITSUBISHI";"ETERNA"
1253;"MITSUBISHI";"EXPO"
1254;"MITSUBISHI";"FORTER"
1255;"MITSUBISHI";"GALANT"
1256;"MITSUBISHI";"I MIEV"
1257;"MITSUBISHI";"L 100"
1258;"MITSUBISHI";"L 200"
1259;"MITSUBISHI";"L 300"
1260;"MITSUBISHI";"LANCER"
1261;"MITSUBISHI";"LEGNUM"
1262;"MITSUBISHI";"LIBERO"
1263;"MITSUBISHI";"LVR"
1264;"MITSUBISHI";"MIGHTY"
1265;"MITSUBISHI";"MINICA"
1266;"MITSUBISHI";"MIRAGE"
1267;"MITSUBISHI";"MONTERO"
1268;"MITSUBISHI";"MWG"
1269;"MITSUBISHI";"OUTLANDER"
1270;"MITSUBISHI";"PAJERO"
1271;"MITSUBISHI";"PRECIS"
1272;"MITSUBISHI";"RAIDER"
1273;"MITSUBISHI";"RVR"
1274;"MITSUBISHI";"SAPPORO"
1275;"MITSUBISHI";"SPACE"
1276;"MITSUBISHI";"STARION"
1277;"MITSUBISHI";"TREDIA"
1278;"NISSAN";"200 SX"
1279;"NISSAN";"240SX"
1280;"NISSAN";"300ZX"
1281;"NISSAN";"350Z"
1282;"NISSAN";"370Z"
1283;"NISSAN";"720"
1284;"NISSAN";"AD"
1285;"NISSAN";"ALMERA"
1286;"NISSAN";"ALTIMA"
1287;"NISSAN";"ARMADA"
1288;"NISSAN";"ATLAS"
1289;"NISSAN";"AUSTER"
1290;"NISSAN";"BLUEBIRD"
1291;"NISSAN";"CARAVAN"
1292;"NISSAN";"D22"
1293;"NISSAN";"ELGRAND"
1294;"NISSAN";"FAIRLADY"
1295;"NISSAN";"GLORIA"
1296;"NISSAN";"GTR"
1297;"NISSAN";"HOMY"
1298;"NISSAN";"JUKE"
1299;"NISSAN";"KICKS"
1300;"NISSAN";"LARGO"
1301;"NISSAN";"LAUREL"
1302;"NISSAN";"LEAF"
1303;"NISSAN";"LIBERTA"
1304;"NISSAN";"LIBERTY"
1305;"NISSAN";"MARCH"
1306;"NISSAN";"MAXIMA"
1307;"NISSAN";"MICRA"
1308;"NISSAN";"MISTRAL"
1309;"NISSAN";"MURANO"
1310;"NISSAN";"NAVARA"
1311;"NISSAN";"NEW SENTRA"
1312;"NISSAN";"NINJA"
1313;"NISSAN";"NOTE"
1314;"NISSAN";"NP300"
1315;"NISSAN";"NV350"
1316;"NISSAN";"NX"
1317;"NISSAN";"PATHFINDER"
1318;"NISSAN";"PATROL"
1319;"NISSAN";"PICK UP (D21)"
1320;"NISSAN";"PLATINA"
1321;"NISSAN";"PRAIRIE"
1322;"NISSAN";"PRESAGE"
1323;"NISSAN";"PRESEA"
1324;"NISSAN";"PRIMERA"
1325;"NISSAN";"PULSAR"
1326;"NISSAN";"QASHQAI"
1327;"NISSAN";"QUEST"
1328;"NISSAN";"R NESSA"
1329;"NISSAN";"SAFARI"
1330;"NISSAN";"SENTRA"
1331;"NISSAN";"SENTRA II"
1332;"NISSAN";"SERENA"
1333;"NISSAN";"SILVIA"
1334;"NISSAN";"SKYLINE"
1335;"NISSAN";"STANZA"
1336;"NISSAN";"SUNNY"
1337;"NISSAN";"TEANA"
1338;"NISSAN";"TERRANO"
1339;"NISSAN";"TIIDA"
1340;"NISSAN";"TINO"
1341;"NISSAN";"TITAN"
1342;"NISSAN";"TRADE"
1343;"NISSAN";"URVAN"
1344;"NISSAN";"V16"
1345;"NISSAN";"VANETTE"
1346;"NISSAN";"VERSA"
1347;"NISSAN";"WINGROAD"
1348;"NISSAN";"X TERRA"
1349;"NISSAN";"X TRAIL"
1350;"OLDSMOBILE";"98"
1351;"OLDSMOBILE";"ACHIEVA"
1352;"OLDSMOBILE";"CALAIS"
1353;"OLDSMOBILE";"CIERA"
1354;"OLDSMOBILE";"CRUISER"
1355;"OLDSMOBILE";"CUSTOM"
1356;"OLDSMOBILE";"CUTLASS"
1357;"OLDSMOBILE";"DELTA"
1358;"OLDSMOBILE";"FIRENZA"
1359;"OLDSMOBILE";"REGENCY"
1360;"OLDSMOBILE";"ROYALE"
1361;"OLDSMOBILE";"SIERRA"
1362;"OLDSMOBILE";"SILHOUETTE"
1363;"OLDSMOBILE";"SUPREME"
1364;"OLDSMOBILE";"TORONADO"
1365;"OPEL";"ADAM"
1366;"OPEL";"ANTARA"
1367;"OPEL";"ASCONA"
1368;"OPEL";"ASTRA"
1369;"OPEL";"CASCADA"
1370;"OPEL";"COMBO"
1371;"OPEL";"CORSA"
1372;"OPEL";"CORSA OPC"
1373;"OPEL";"CROSSLAND"
1374;"OPEL";"FRONTERA"
1375;"OPEL";"GRANDLAND"
1376;"OPEL";"INSIGNIA"
1377;"OPEL";"KADETT"
1378;"OPEL";"MERIVA"
1379;"OPEL";"MOKKA"
1380;"OPEL";"OMEGA"
1381;"OPEL";"REKORD"
1382;"OPEL";"SENATOR"
1383;"OPEL";"TIGRA"
1384;"OPEL";"VECTRA"
1385;"PEUGEOT";"106"
1386;"PEUGEOT";"107"
1387;"PEUGEOT";"108"
1388;"PEUGEOT";"2008"
1389;"PEUGEOT";"205"
1390;"PEUGEOT";"206"
1391;"PEUGEOT";"207"
1392;"PEUGEOT";"208"
1393;"PEUGEOT";"208 GTI"
1394;"PEUGEOT";"3008"
1395;"PEUGEOT";"301"
1396;"PEUGEOT";"305"
1397;"PEUGEOT";"306"
1398;"PEUGEOT";"307"
1399;"PEUGEOT";"308"
1400;"PEUGEOT";"309"
1401;"PEUGEOT";"4008"
1402;"PEUGEOT";"404"
1403;"PEUGEOT";"405"
1404;"PEUGEOT";"406"
1405;"PEUGEOT";"407"
1406;"PEUGEOT";"5008"
1407;"PEUGEOT";"504"
1408;"PEUGEOT";"505"
1409;"PEUGEOT";"508"
1410;"PEUGEOT";"604"
1411;"PEUGEOT";"605"
1412;"PEUGEOT";"607"
1413;"PEUGEOT";"806"
1414;"PEUGEOT";"807"
1415;"PEUGEOT";"BIPPER"
1416;"PEUGEOT";"BOXER"
1417;"PEUGEOT";"EXPERT"
1418;"PEUGEOT";"J5"
1419;"PEUGEOT";"PARTNER"
1420;"PEUGEOT";"RCZ"
1421;"PEUGEOT";"TEPEE"
1422;"PEUGEOT";"TRAVELLER"
1423;"PIAGGIO";"MAXXI"
1424;"PIAGGIO";"PORTER MAXXI"
1425;"PLYMOUTH";"ACCLAIM"
1426;"PLYMOUTH";"BREEZE"
1427;"PLYMOUTH";"CARAVAN"
1428;"PLYMOUTH";"COLT"
1429;"PLYMOUTH";"HORIZON"
1430;"PLYMOUTH";"LASER"
1431;"PLYMOUTH";"NEON"
1432;"PLYMOUTH";"PROWLER"
1433;"PLYMOUTH";"RELIANT"
1434;"PLYMOUTH";"SUNDANCE"
1435;"PLYMOUTH";"VOYAGER"
1436;"POLMOTOR FSO";"125"
1437;"POLMOTOR FSO";"1500"
1438;"POLONEZ";"125"
1439;"POLONEZ";"1500"
1440;"POLONEZ";"FAMILIAR"
1441;"POLONEZ";"PICK UP"
1442;"POLONEZ";"POLONEZ"
1443;"POLONEZ";"POLTAXI"
1444;"POLONEZ";"SPORT"
1445;"PONTIAC";"6000"
1446;"PONTIAC";"BONEVILLE"
1447;"PONTIAC";"FIERO"
1448;"PONTIAC";"FIREBIRD"
1449;"PONTIAC";"G6"
1450;"PONTIAC";"GRAND AM"
1451;"PONTIAC";"GRAND PRIX"
1452;"PONTIAC";"LEMANS"
1453;"PONTIAC";"PARISIENNE"
1454;"PONTIAC";"SAFARI"
1455;"PONTIAC";"SOLSTICE"
1456;"PONTIAC";"SUNBIRD"
1457;"PONTIAC";"TRANS AM"
1458;"PONTIAC";"TRANS SPORT"
1459;"PORSCHE";"911"
1460;"PORSCHE";"924"
1461;"PORSCHE";"928"
1462;"PORSCHE";"944"
1463;"PORSCHE";"968"
1464;"PORSCHE";"981"
1465;"PORSCHE";"BOXSTER"
1466;"PORSCHE";"CABRIOLET"
1467;"PORSCHE";"CAYENNE"
1468;"PORSCHE";"CAYMAN"
1469;"PORSCHE";"MACAN"
1470;"PORSCHE";"PANAMERA"
1471;"PROTON";"COUPE"
1472;"PROTON";"NATURA"
1473;"PROTON";"PERSONA"
1474;"PROTON";"PREVE"
1475;"PROTON";"SATRIA"
1476;"RAM";"1200"
1477;"RAM";"1500"
1478;"RAM";"2500"
1479;"RAM";"700"
1480;"RAM";"V1000"
1481;"RAM";"V700 CITY"
1482;"RAM";"V700 RAPID"
1483;"RENAULT";"11"
1484;"RENAULT";"12"
1485;"RENAULT";"18"
1486;"RENAULT";"19"
1487;"RENAULT";"21"
1488;"RENAULT";"25"
1489;"RENAULT";"4"
1490;"RENAULT";"5"
1491;"RENAULT";"9"
1492;"RENAULT";"ALASKAN"
1493;"RENAULT";"ALLIANCE"
1494;"RENAULT";"CAPTUR"
1495;"RENAULT";"CLIO"
1496;"RENAULT";"CLIO I"
1497;"RENAULT";"CLIO II"
1498;"RENAULT";"CLIO III"
1499;"RENAULT";"CLIO IV"
1500;"RENAULT";"CLIO IV RS"
1501;"RENAULT";"DOKKER"
1502;"RENAULT";"DUSTER"
1503;"RENAULT";"ESPACE"
1504;"RENAULT";"ESTRAILE"
1505;"RENAULT";"EXPRESS"
1506;"RENAULT";"FLUENCE"
1507;"RENAULT";"FUEGO"
1508;"RENAULT";"KANGOO"
1509;"RENAULT";"KOLEOS"
1510;"RENAULT";"LAGUNA"
1511;"RENAULT";"LATITUDE"
1512;"RENAULT";"LOGAN"
1513;"RENAULT";"MASTER"
1514;"RENAULT";"MEDALLION"
1515;"RENAULT";"MEGANE"
1516;"RENAULT";"MEGANE II"
1517;"RENAULT";"MEGANE III"
1518;"RENAULT";"MEGANE RS"
1519;"RENAULT";"NEVADA"
1520;"RENAULT";"OROCH"
1521;"RENAULT";"SAFRANE"
1522;"RENAULT";"SANDERO"
1523;"RENAULT";"SCENIC"
1524;"RENAULT";"SCENIC II"
1525;"RENAULT";"SYMBOL"
1526;"RENAULT";"TRAFIC"
1527;"RENAULT";"TWINGO"
1528;"ROLLS ROYCE";"GHOST"
1529;"ROLLS ROYCE";"PHANTOM"
1530;"ROLLS ROYCE";"WRAITH"
1531;"ROVER";"200"
1532;"ROVER";"214"
1533;"ROVER";"216"
1534;"ROVER";"414"
1535;"ROVER";"416"
1536;"ROVER";"420"
1537;"ROVER";"45"
1538;"ROVER";"620"
1539;"ROVER";"623"
1540;"ROVER";"75"
1541;"ROVER";"820"
1542;"ROVER";"827"
1543;"ROVER";"MINI"
1544;"ROVER";"SHERPA"
1545;"ROVER";"STERLING"
1546;"SAAB";"900"
1547;"SAAB";"9000"
1548;"SAAB";"9000 GRIFFIN"
1549;"SAAB";"93"
1550;"SAAB";"95"
1551;"SAAB";"97"
1552;"SAMSUNG";"SM3"
1553;"SAMSUNG";"SM5"
1554;"SAMSUNG";"SM6"
1555;"SAMSUNG";"SM7"
1556;"SAMSUNG";"SQ5"
1557;"SAMSUNG";"SV110"
1558;"SATURN";"COUPE"
1559;"SATURN";"SKYREDLINE"
1560;"SATURN";"SL1"
1561;"SATURN";"SL2"
1562;"SEAT";"127"
1563;"SEAT";"ALTEA"
1564;"SEAT";"CORDOBA"
1565;"SEAT";"FURA"
1566;"SEAT";"IBIZA"
1567;"SEAT";"INCA"
1568;"SEAT";"LEON"
1569;"SEAT";"MALAGA"
1570;"SEAT";"MARBELLA"
1571;"SEAT";"RONDA"
1572;"SEAT";"TERRA"
1573;"SEAT";"TOLEDO"
1574;"SHINERAY";"SY1020"
1575;"SKODA";"136"
1576;"SKODA";"FABIA"
1577;"SKODA";"FAVORIT"
1578;"SKODA";"FELICIA"
1579;"SKODA";"FORMAN"
1580;"SKODA";"KAROQ"
1581;"SKODA";"KODIAQ"
1582;"SKODA";"OCTAVIA"
1583;"SKODA";"PICK UP"
1584;"SKODA";"RAPID"
1585;"SKODA";"ROOMSTER"
1586;"SKODA";"SPACEBACK"
1587;"SKODA";"SUPERB"
1588;"SKODA";"YETI"
1589;"SMA";"C52"
1590;"SMA";"C61"
1591;"SMA";"C81"
1592;"SMA";"R51"
1593;"SMA";"R80"
1594;"SMA";"R81"
1595;"SMART";"BRABUS"
1596;"SMART";"FORTWO"
1597;"SMART";"PASSION"
1598;"SOLECTRIA";"CITIVAN"
1599;"SPEEDSTER";"SPYDER"
1600;"SSANGYONG";"ACTYON"
1601;"SSANGYONG";"CHAIRMAN"
1602;"SSANGYONG";"KORANDO"
1603;"SSANGYONG";"KYRON"
1604;"SSANGYONG";"MUSSO"
1605;"SSANGYONG";"REXTON"
1606;"SSANGYONG";"STAVIC"
1607;"SSANGYONG";"TIVOLI"
1608;"SSANGYONG";"XLV"
1609;"SUBARU";"1300"
1610;"SUBARU";"1600"
1611;"SUBARU";"1800"
1612;"SUBARU";"2000"
1613;"SUBARU";"2200"
1614;"SUBARU";"600"
1615;"SUBARU";"700"
1616;"SUBARU";"B9 TRIBECA"
1617;"SUBARU";"BAJA"
1618;"SUBARU";"BRZ"
1619;"SUBARU";"COUPE"
1620;"SUBARU";"DELIVERY"
1621;"SUBARU";"FORESTER"
1622;"SUBARU";"IMPREZA"
1623;"SUBARU";"JUSTY"
1624;"SUBARU";"LEGACY"
1625;"SUBARU";"LEONE"
1626;"SUBARU";"LOYALE"
1627;"SUBARU";"OUTBACK"
1628;"SUBARU";"SVX"
1629;"SUBARU";"WRX"
1630;"SUBARU";"XT"
1631;"SUBARU";"XV"
1632;"SUZUKI";"AERIO"
1633;"SUZUKI";"ALTO"
1634;"SUZUKI";"APV"
1635;"SUZUKI";"BALENO"
1636;"SUZUKI";"CARRY"
1637;"SUZUKI";"CELERIO"
1638;"SUZUKI";"CIAZ"
1639;"SUZUKI";"CULTUS"
1640;"SUZUKI";"ERTIGA"
1641;"SUZUKI";"ESCUDO"
1642;"SUZUKI";"ESTEEM"
1643;"SUZUKI";"FORZA"
1644;"SUZUKI";"FRONTE"
1645;"SUZUKI";"GRAND NOMADE"
1646;"SUZUKI";"GRAND VITARA"
1647;"SUZUKI";"IGNIS"
1648;"SUZUKI";"JAZZ"
1649;"SUZUKI";"JIMMY"
1650;"SUZUKI";"JIMNY"
1651;"SUZUKI";"KIZASHI"
1652;"SUZUKI";"MARUTI"
1653;"SUZUKI";"MASTERVAN"
1654;"SUZUKI";"NEW SWIFT"
1655;"SUZUKI";"REX"
1656;"SUZUKI";"S CROSS"
1657;"SUZUKI";"SAMURAI"
1658;"SUZUKI";"SIDEKICK"
1659;"SUZUKI";"SJ408"
1660;"SUZUKI";"SJ410"
1661;"SUZUKI";"SJ413"
1662;"SUZUKI";"SUPER CARRY"
1663;"SUZUKI";"SWIFT"
1664;"SUZUKI";"SWIFT DZIRE"
1665;"SUZUKI";"SX4"
1666;"SUZUKI";"VITARA"
1667;"SUZUKI";"WAGON R"
1668;"SUZUKI";"XL7"
1669;"TALBOT";"HORIZON"
1670;"TATA";"SPRINTER"
1671;"TATA";"SUMO"
1672;"TATA";"TELCOLINE"
1673;"TATA";"XENON"
1674;"TOYOTA";"4RUNNER"
1675;"TOYOTA";"ADVANTAGE"
1676;"TOYOTA";"AURIS"
1677;"TOYOTA";"AVENSIS"
1678;"TOYOTA";"AYGO"
1679;"TOYOTA";"CALDINA"
1680;"TOYOTA";"CAMRY"
1681;"TOYOTA";"CARIB"
1682;"TOYOTA";"CARINA"
1683;"TOYOTA";"CELICA"
1684;"TOYOTA";"CHASER"
1685;"TOYOTA";"CIELO"
1686;"TOYOTA";"COMMUTER"
1687;"TOYOTA";"COROLLA"
1688;"TOYOTA";"CORONA"
1689;"TOYOTA";"CRESSIDA"
1690;"TOYOTA";"CRESTA"
1691;"TOYOTA";"CURREN"
1692;"TOYOTA";"CYNOS"
1693;"TOYOTA";"DYNA"
1694;"TOYOTA";"EMINA"
1695;"TOYOTA";"ESTIMA"
1696;"TOYOTA";"FJ CRUISER"
1697;"TOYOTA";"FORTUNER"
1698;"TOYOTA";"GAIA"
1699;"TOYOTA";"GLANZA"
1700;"TOYOTA";"GRANVIA"
1701;"TOYOTA";"GT-86"
1702;"TOYOTA";"HIACE"
1703;"TOYOTA";"HILUX"
1704;"TOYOTA";"LAND CRUISER"
1705;"TOYOTA";"LAND CRUISER 200"
1706;"TOYOTA";"LEVIN"
1707;"TOYOTA";"LITEACE"
1708;"TOYOTA";"LUCIDA"
1709;"TOYOTA";"MARK II"
1710;"TOYOTA";"MASTER ACE"
1711;"TOYOTA";"MR2"
1712;"TOYOTA";"NADIA"
1713;"TOYOTA";"NEW YARIS"
1714;"TOYOTA";"PASEO"
1715;"TOYOTA";"PRADO"
1716;"TOYOTA";"PREVIA"
1717;"TOYOTA";"PRIUS"
1718;"TOYOTA";"PRIUS C"
1719;"TOYOTA";"RAUM"
1720;"TOYOTA";"RAV4"
1721;"TOYOTA";"REGIUS"
1722;"TOYOTA";"RUNNER"
1723;"TOYOTA";"RUSH"
1724;"TOYOTA";"SEQUOIA"
1725;"TOYOTA";"SERA"
1726;"TOYOTA";"SIENNA"
1727;"TOYOTA";"SPACIO"
1728;"TOYOTA";"SPRINTER"
1729;"TOYOTA";"STARLET"
1730;"TOYOTA";"STOUT"
1731;"TOYOTA";"SUPRA"
1732;"TOYOTA";"TACOMA"
1733;"TOYOTA";"TERCEL"
1734;"TOYOTA";"TOWNACE"
1735;"TOYOTA";"TRUENO"
1736;"TOYOTA";"TUNDRA"
1737;"TOYOTA";"URBAN CRUISER"
1738;"TOYOTA";"VISTA"
1739;"TOYOTA";"VITZ"
1740;"TOYOTA";"YARIS"
1741;"TOYOTA";"ZELAS"
1742;"VOLKSWAGEN";"113"
1743;"VOLKSWAGEN";"AMAROK"
1744;"VOLKSWAGEN";"AMAZON"
1745;"VOLKSWAGEN";"ATLANTIC"
1746;"VOLKSWAGEN";"ATLAS"
1747;"VOLKSWAGEN";"BEETLE"
1748;"VOLKSWAGEN";"BORA"
1749;"VOLKSWAGEN";"CABRIOLET"
1750;"VOLKSWAGEN";"CADDY"
1751;"VOLKSWAGEN";"CALIFORNIA"
1752;"VOLKSWAGEN";"CARAVELLE"
1753;"VOLKSWAGEN";"CORRADO"
1754;"VOLKSWAGEN";"CRAFTER"
1755;"VOLKSWAGEN";"CROSSFOX"
1756;"VOLKSWAGEN";"CROSSOVER"
1757;"VOLKSWAGEN";"DELIVERY"
1758;"VOLKSWAGEN";"EOS"
1759;"VOLKSWAGEN";"ESCARABAJO"
1760;"VOLKSWAGEN";"EUROVAN"
1761;"VOLKSWAGEN";"FOX"
1762;"VOLKSWAGEN";"GOL"
1763;"VOLKSWAGEN";"GOLF"
1764;"VOLKSWAGEN";"GOLF A4"
1765;"VOLKSWAGEN";"GOLF A5"
1766;"VOLKSWAGEN";"GOLF A6"
1767;"VOLKSWAGEN";"GOLF A7"
1768;"VOLKSWAGEN";"JETTA"
1769;"VOLKSWAGEN";"KOMBI"
1770;"VOLKSWAGEN";"MULTIVAN"
1771;"VOLKSWAGEN";"PARATI"
1772;"VOLKSWAGEN";"PASSAT"
1773;"VOLKSWAGEN";"POLO"
1774;"VOLKSWAGEN";"POLO CLASSIC"
1775;"VOLKSWAGEN";"SANTANA"
1776;"VOLKSWAGEN";"SAVEIRO"
1777;"VOLKSWAGEN";"SCIROCCO"
1778;"VOLKSWAGEN";"SURAN"
1779;"VOLKSWAGEN";"TIGUAN"
1780;"VOLKSWAGEN";"TOUAREG"
1781;"VOLKSWAGEN";"TRANSPORTER"
1782;"VOLKSWAGEN";"VAGONER"
1783;"VOLKSWAGEN";"VANAGON"
1784;"VOLKSWAGEN";"VENTO"
1785;"VOLKSWAGEN";"VIRTUS"
1786;"VOLKSWAGEN";"VOYAGE"
1787;"VOLVO";"200"
1788;"VOLVO";"240"
1789;"VOLVO";"244"
1790;"VOLVO";"245"
1791;"VOLVO";"343"
1792;"VOLVO";"360"
1793;"VOLVO";"440"
1794;"VOLVO";"460"
1795;"VOLVO";"540"
1796;"VOLVO";"740"
1797;"VOLVO";"744"
1798;"VOLVO";"745"
1799;"VOLVO";"749"
1800;"VOLVO";"760"
1801;"VOLVO";"780"
1802;"VOLVO";"850"
1803;"VOLVO";"854"
1804;"VOLVO";"855"
1805;"VOLVO";"940"
1806;"VOLVO";"944"
1807;"VOLVO";"960"
1808;"VOLVO";"964"
1809;"VOLVO";"C 30"
1810;"VOLVO";"C70"
1811;"VOLVO";"DIAMANTE"
1812;"VOLVO";"S40"
1813;"VOLVO";"S60"
1814;"VOLVO";"S70"
1815;"VOLVO";"S80"
1816;"VOLVO";"S90"
1817;"VOLVO";"V40"
1818;"VOLVO";"V50"
1819;"VOLVO";"V60"
1820;"VOLVO";"V70"
1821;"VOLVO";"V90"
1822;"VOLVO";"XC40"
1823;"VOLVO";"XC60"
1824;"VOLVO";"XC70"
1825;"VOLVO";"XC90"
1826;"YUGO";"45"
1827;"YUGO";"55"
1828;"YUGO";"65"
1829;"YUGO";"FLORIDA"
1830;"YUGO";"KORAL"
1831;"YUGO";"SKALA"
1832;"ZASTAVA";"750"
1833;"ZNA";"OTING"
1834;"ZNA";"RICH"
1835;"ZNA";"SUCCE"
1836;"ZOTYE";"HUNTER"
1837;"ZX";"ADMIRAL"
1838;"ZX";"GRAND TIGER"
1839;"ZX";"LANDMARK"
1840;"ZX";"TERRALORD"
